{
  "decision_tree": {
    "accuracy": 0.995625,
    "f1_score": 0.9956249931640518,
    "precision": 0.9956265351658448,
    "recall": 0.995625,
    "specificity": 0.9985416666666667,
    "auc_roc": 0.9970812499999999,
    "training_time": 0.029001235961914062
  },
  "random_forest": {
    "accuracy": 1.0,
    "f1_score": 1.0,
    "precision": 1.0,
    "recall": 1.0,
    "specificity": 1.0,
    "auc_roc": 1.0,
    "training_time": 1.574970006942749
  },
  "support_vector_machine": {
    "accuracy": 1.0,
    "f1_score": 1.0,
    "precision": 1.0,
    "recall": 1.0,
    "specificity": 1.0,
    "auc_roc": 1.0,
    "training_time": 2.7748234272003174
  },
  "logistic_regression": {
    "accuracy": 1.0,
    "f1_score": 1.0,
    "precision": 1.0,
    "recall": 1.0,
    "specificity": 1.0,
    "auc_roc": 1.0,
    "training_time": 0.07640290260314941
  },
  "xgboost": {
    "accuracy": 1.0,
    "f1_score": 1.0,
    "precision": 1.0,
    "recall": 1.0,
    "specificity": 1.0,
    "auc_roc": 1.0,
    "training_time": 3.317185401916504
  },
  "cnn": {
    "accuracy": 1.0,
    "f1_score": 1.0,
    "precision": 1.0,
    "recall": 1.0,
    "specificity": 1.0,
    "auc_roc": 1.0,
    "training_time": 58.064231157302856
  },
  "blending_ensemble": {
    "accuracy": 1.0,
    "f1_score": 1.0,
    "precision": 1.0,
    "recall": 1.0,
    "specificity": 1.0,
    "auc_roc": 1.0,
    "training_time": 0.028010845184326172
  }
}