{
  "decision_tree": {
    "accuracy": 0.99375,
    "f1_score": 0.9937432203915434,
    "precision": 0.9938247985874454,
    "recall": 0.99375,
    "specificity": 0.9979166666666666,
    "auc_roc": 0.99624453125,
    "training_time": 0.023571014404296875
  },
  "random_forest": {
    "accuracy": 1.0,
    "f1_score": 1.0,
    "precision": 1.0,
    "recall": 1.0,
    "specificity": 1.0,
    "auc_roc": 1.0,
    "training_time": 1.2350859642028809
  },
  "support_vector_machine": {
    "accuracy": 1.0,
    "f1_score": 1.0,
    "precision": 1.0,
    "recall": 1.0,
    "specificity": 1.0,
    "auc_roc": 1.0,
    "training_time": 2.358180522918701
  },
  "logistic_regression": {
    "accuracy": 1.0,
    "f1_score": 1.0,
    "precision": 1.0,
    "recall": 1.0,
    "specificity": 1.0,
    "auc_roc": 1.0,
    "training_time": 0.06872224807739258
  },
  "xgboost": {
    "accuracy": 1.0,
    "f1_score": 1.0,
    "precision": 1.0,
    "recall": 1.0,
    "specificity": 1.0,
    "auc_roc": 1.0,
    "training_time": 2.2138783931732178
  },
  "cnn": {
    "accuracy": 1.0,
    "f1_score": 1.0,
    "precision": 1.0,
    "recall": 1.0,
    "specificity": 1.0,
    "auc_roc": 1.0,
    "training_time": 44.04079985618591
  },
  "blending_ensemble": {
    "accuracy": 1.0,
    "f1_score": 1.0,
    "precision": 1.0,
    "recall": 1.0,
    "specificity": 1.0,
    "auc_roc": 1.0,
    "training_time": 0.02385568618774414
  }
}